{
  "node_features": {
    "mean": [
      2.31573224067688,
      15150.419921875,
      458479.78125,
      7322967.5,
      2671.3759765625,
      281.7294921875,
      281.2408142089844,
      280.7412414550781,
      0.6278237104415894,
      0.6259191036224365,
      0.6240171790122986,
      1600.9798583984375,
      1617.799560546875,
      1636.785888671875,
      102449.75,
      103068.6328125,
      103920.96875,
      391.0655517578125,
      391.1505432128906,
      391.35382080078125,
      107.97261810302734,
      108.55068969726562,
      109.20433044433594,
      52.17741394042969,
      0.5348555445671082
    ],
    "std": [
      0.5246633291244507,
      12205.8232421875,
      1573.534423828125,
      1715.7803955078125,
      77.98899841308594,
      48.93497085571289,
      48.32098388671875,
      47.70149612426758,
      0.4104161858558655,
      0.411724328994751,
      0.41301435232162476,
      3244.646728515625,
      3262.558349609375,
      3282.812255859375,
      479120.96875,
      483177.53125,
      487725.4375,
      125.85543823242188,
      125.72906494140625,
      125.63811492919922,
      112.58850860595703,
      112.24640655517578,
      111.91943359375,
      38.88010025024414,
      0.2817409038543701
    ]
  },
  "edge_features": {
    "mean": [
      0.4829607605934143
    ],
    "std": [
      2.5265839099884033
    ]
  },
  "target_features": {
    "mean": [
      282.2254638671875,
      0.6297298073768616
    ],
    "std": [
      49.54353332519531,
      0.4090924561023712
    ]
  },
  "metadata": {
    "sparse_well_features": [
      "WWIR_current",
      "WWIR_prev_1",
      "WWIR_prev_2",
      "WGIR_current",
      "WGIR_prev_1",
      "WGIR_prev_2",
      "WBHP_INJ_current",
      "WBHP_INJ_prev_1",
      "WBHP_INJ_prev_2",
      "WBHP_PRD_current",
      "WBHP_PRD_prev_1",
      "WBHP_PRD_prev_2"
    ],
    "sparse_features_info": "Statistics for sparse well features (time series, WCID, WCCF) computed on non-sentinel values only (sentinel=-10.0)",
    "time_series_vars_config": [
      "WWIR",
      "WGIR",
      "WBHP"
    ],
    "dynamic_vars_config": [
      "PRESSURE",
      "SWAT"
    ],
    "time_series_sentinel": -10.0
  }
}