{
  "node_features": {
    "mean": [
      1.0004820823669434,
      890.5379028320312,
      524.9999389648438,
      525.0000610351562,
      5005.0,
      15050.599609375,
      14053.16015625,
      13005.091796875,
      0.43449530005455017,
      0.4192589223384857,
      0.40339767932891846,
      182.49998474121094,
      0.5249315500259399
    ],
    "std": [
      0.7073723077774048,
      0.0,
      302.7650451660156,
      302.7650451660156,
      0.0,
      9607.4912109375,
      9313.068359375,
      9059.021484375,
      0.18445517122745514,
      0.1826879382133484,
      0.17986440658569336,
      0.5000000596046448,
      0.25939980149269104
    ]
  },
  "edge_features": {
    "mean": [
      -0.993831992149353
    ],
    "std": [
      0.6659995913505554
    ]
  },
  "target_features": {
    "mean": [
      16011.2861328125,
      0.4490627348423004
    ],
    "std": [
      9922.181640625,
      0.18525631725788116
    ]
  }
}